,srprec_orig,hh_med_inc_wgt
0,2001,54480.479999999996
1,2002,44136.0
2,2008,66970.0
3,2009,54967.05
4,2011,119595.0
5,2012,59531.0
6,2015,72250.0
7,2016,119931.0
8,2017,132601.0
9,2023,64554.0
10,2024,125887.0
11,2030,61984.0
12,2033,60149.0
13,2034,77009.0
14,2036,119595.0
15,2038,165800.0
16,2040,119595.0
18,2047,131334.48
19,2048,128194.0
20,2049,96971.0
21,2051,121887.73000000001
22,2054,82240.0
23,2055,101494.0
24,2060,132286.87
25,2061,62543.0
26,2072,127237.48
27,2079,159551.95
28,2081,107816.6
29,2082,125887.0
30,2088,58125.0
32,2098,61895.0
33,2099,50714.0
35,2108,125887.0
36,2117,71062.06
37,2122,62543.0
38,2128,53070.479999999996
39,2143,83870.67
40,2148,66250.0
41,2152,63821.0
42,2153,62792.0
43,2160,75115.29
44,2166,83185.72
45,2171,91094.33
46,2181,54442.0
47,2182,62413.0
48,2187,52798.0
49,2193,53981.84
50,2194,63493.0
51,2201,54638.600000000006
52,2205,78447.0
53,2212,78447.0
54,2216,47848.1
55,2223,54261.0
56,2224,54329.15
57,2225,76951.01000000001
58,2228,47776.259999999995
59,2229,78500.0
60,2230,88398.67
61,2234,119529.81999999999
62,2235,114219.0
63,2237,121920.51999999999
64,2242,96389.0
65,2244,119931.0
66,2306,66250.0
67,2307,66250.0
68,2315,64661.0
69,2319,52532.03
70,2322,72250.0
71,2331,64554.0
72,2337,64816.72
73,2338,42020.0
74,2341,59216.0
75,2345,96971.0
76,2347,61984.0
77,2352,63146.3
78,2355,72250.0
79,2356,62569.0
80,2357,43400.0
81,2361,61895.0
82,2368,53667.44
83,2370,82240.0
84,2371,54875.0
85,2377,59534.0
87,2387,86591.0
88,2389,76549.94
89,2391,75574.25
90,2392,59694.66
91,2398,85897.24
92,2401,77009.0
93,2402,84470.0
94,2405,44521.06
95,2409,49394.0
97,2432,77583.05
98,2437,63821.0
99,2440,80505.0
100,2441,64904.0
101,2443,61972.64
102,2448,61940.0
103,2450,46876.82
104,2453,114219.0
105,2457,59419.77
106,2459,66250.0
107,2701,62792.0
108,2702,66226.85
109,2703,123241.84
110,2704,112077.99
111,2705,49636.42
112,2707,72811.69
113,2708,86040.38
114,2709,61747.119999999995
115,2710,77208.20999999999
116,5302,106955.84999999999
117,5303,82880.20999999999
118,5307,82265.78
119,5308,81262.12
120,5311,101199.3
121,5319,83079.05
122,5333,100404.4
123,5334,131118.0
124,5339,131118.0
125,5340,78617.1
126,5379,131118.0
127,5381,92595.09
128,5384,88169.0
129,5388,83264.70999999999
130,5389,94246.52
131,5392,131118.0
132,5396,81495.0
133,5397,103611.0
134,5701,105764.79999999999
135,5702,90519.0
136,6204,131118.0
137,6205,131118.0
138,7092,49859.0
139,7093,49167.0
140,7094,94559.0
141,7095,49167.0
142,7098,77276.0
143,7101,49202.06
144,7104,49531.0
145,7106,76201.96
146,7108,61250.490000000005
147,7109,86953.0
148,7110,61675.729999999996
149,7112,53832.259999999995
150,7121,94559.0
151,7122,88914.82
152,7123,49531.0
153,7124,72250.0
154,7125,53750.0
155,7126,63123.93
156,7127,94559.0
157,7129,64639.0
158,7130,59531.0
159,7131,64639.0
160,7133,59531.0
161,7134,59531.0
162,7135,90123.0
163,7136,64639.0
164,7137,64639.0
165,7138,105746.0
166,7139,82819.0
167,7140,105746.0
168,7142,90123.0
169,7145,90123.0
170,7146,90123.0
171,7147,90123.0
172,7148,64639.0
173,7149,56949.0
174,7151,56949.0
175,7152,88500.0
176,7158,82819.0
177,7159,90123.0
178,7161,88500.0
179,7166,92979.2
180,7167,64639.0
181,7170,88620.73999999999
182,7172,53750.0
183,7174,96322.0
184,7176,99688.0
185,7177,72250.0
186,7180,96322.0
187,7181,64639.0
188,7182,96322.0
189,7183,59531.0
190,7184,96322.0
191,7185,49859.0
192,7186,86953.0
193,7187,72250.0
194,7701,105746.0
195,10316,90233.42000000001
196,10317,87703.35
197,10319,78194.0
198,10320,148791.96
199,10325,116117.64000000001
200,10333,90827.0
201,10337,91618.91
202,10338,105550.0
203,10339,86940.0
204,10340,85412.81
205,10361,86985.0
206,10362,86985.0
207,10364,90093.0
208,10374,82819.0
209,10379,106992.87
210,10380,116026.03
211,10383,56949.0
212,10388,111106.0
213,10701,97805.23999999999
214,11041,102110.40000000001
215,11043,104797.35
216,11075,105746.0
217,11351,106665.03
218,11354,97467.0
219,11355,106227.68
220,11357,116250.0
221,11360,86940.0
222,11362,104625.0
223,13030,48251.0
224,13031,49394.0
225,13032,63562.0
226,13033,64800.0
227,13035,73961.0
228,13036,70966.0
229,13038,69011.8
230,13041,117071.02
231,13042,70726.98
232,13043,55143.2
233,13044,75916.93
234,13047,71638.52
235,13057,72322.98999999999
236,13061,72716.0
237,13062,112321.55
238,13063,114360.64
239,13064,70966.0
240,13065,84996.42
241,13069,67091.42
242,13076,64340.33
243,13077,76487.63
244,13078,64773.090000000004
245,13080,103009.72
246,13082,97206.56
247,13086,100446.07
248,13096,93325.0
249,13098,108692.23
250,13101,73961.0
251,13102,69531.0
252,13205,64891.0
253,13208,65869.45
254,13211,73614.51000000001
255,13215,83750.0
256,13216,135278.0
257,13217,111295.6
258,13218,63562.0
259,13220,93021.39
260,13221,95602.79000000001
261,13227,105477.87
262,13231,53750.0
263,13237,59843.81999999999
264,13241,69373.37
265,13307,135278.0
266,13374,96322.0
267,13375,53750.0
268,13376,97157.0
269,13377,104471.88999999998
270,13379,97157.0
271,13383,97157.0
272,13395,126272.0
273,13396,53218.9
274,13398,87949.0
275,13416,81495.0
276,13425,48369.10999999999
277,13431,62179.53
278,13432,45387.12
279,13460,81495.0
280,13461,64072.0
281,13463,81495.0
282,13701,53899.56
283,13702,59201.2
284,13703,106527.44
285,14002,63008.25
286,14005,69609.0
287,14013,45598.0
288,14014,59501.17
289,14020,60625.0
290,14026,80412.18
291,14027,60174.0
292,14031,64073.29000000001
293,14033,107692.0
294,14035,84327.32
295,14036,74044.12
296,14037,42679.0
297,14046,53333.0
298,14047,63194.0
299,14053,54319.16
300,14058,58021.0
301,14059,64700.77
302,14069,62354.64
303,14071,57195.44
304,14075,83851.0
305,14078,101181.98000000001
306,14080,86176.0
307,14082,86161.03
308,14084,106716.0
309,14085,106716.0
310,14086,106716.0
311,14091,99732.0
312,14092,83851.0
313,14228,79792.41
314,14229,91627.0
315,14234,91627.0
316,14236,75491.45
317,14239,54824.0
318,14247,80208.0
319,14249,53185.0
320,14250,58448.4
321,14251,82296.8
322,14252,64698.0
323,14257,64698.0
324,14274,127617.0
325,14275,74063.0
326,14277,99732.0
327,14278,86176.0
328,14282,56863.0
329,14285,42020.0
330,14291,80505.0
331,14293,63750.0
332,14298,51667.0
333,14308,69692.26
334,14317,64698.0
335,14701,50348.81
336,14702,66009.45999999999
337,14703,66580.98
338,14704,62053.18
339,14705,61212.5
340,14706,54824.0
341,14707,60475.66
342,14708,60866.94
343,14709,53185.0
344,14710,66393.98
345,16101,50417.0
346,16106,61895.0
347,16109,42020.0
348,17251,85038.0
349,17255,63280.780000000006
350,17258,62997.77
351,17260,77377.75
352,17261,73969.04
353,17263,97157.0
354,17269,82941.0
355,17271,126272.0
356,17274,77116.88
357,17278,89914.35
358,17279,74146.34
359,17281,63542.0
360,17286,72376.58
361,17290,88205.0
362,17294,100972.0
363,17334,95764.0
364,17335,95764.0
365,17345,63399.28
366,17348,95764.0
367,17355,74715.75
368,21369,52698.28999999999
369,21375,55809.0
370,21376,66250.0
371,21377,55864.33
372,21380,59534.0
373,21383,42020.0
374,22166,96322.0
375,23150,84357.0
376,23152,59925.979999999996
377,23153,96389.0
378,23154,96389.0
380,23156,96389.0
381,23162,113544.91
382,23163,115085.0
383,23164,110673.31999999999
384,23165,84357.0
385,23169,106452.01
386,23174,111937.32999999999
387,23177,61566.77
388,23178,110649.28
389,23180,130184.24
390,23188,104879.0
391,23189,84357.0
392,23193,55937.740000000005
393,23194,116571.04999999999
394,23196,115358.89
395,23206,54814.939999999995
396,23207,120260.0
397,23213,44221.15
398,23214,120260.0
399,23216,93512.0
400,23217,57581.01
401,23221,115703.0
402,23223,93512.0
403,23224,120260.0
404,23225,44136.0
405,23227,107689.47
406,23230,108960.43
407,23701,84773.39
408,23702,112864.94
409,23703,84357.0
410,25230,79295.41
411,25231,45428.78
412,25234,39814.55
413,25237,42795.0
414,25282,42373.68
415,25371,47379.0
416,25377,45116.45
417,25382,87218.0
418,25385,41267.48
419,25391,54421.979999999996
420,26193,115085.0
421,26198,84357.0
422,27113,53618.0
423,27115,73756.6
424,27117,52448.67
425,27135,61895.0
426,27136,55744.0
427,27138,72611.0
428,27139,50714.0
429,27140,61895.0
430,27141,42020.0
431,27145,61895.0
432,27147,60529.07
433,27149,50714.0
434,27155,56863.0
435,27156,56198.42
436,27159,57140.97
437,27161,50931.060000000005
438,27162,77977.20999999999
439,27163,59714.73
440,27164,50714.0
441,27168,50714.0
442,27170,74665.0
443,27701,51198.270000000004
444,28200,105798.0
445,28247,105139.0
446,29277,131118.0
447,29279,140029.9
448,29285,150972.0
449,29286,127308.4
450,29289,131118.0
451,29292,144607.46
452,29293,120260.0
453,29294,105508.8
454,29295,128824.95000000001
455,29297,103499.64000000001
456,29299,74301.0
457,29300,74301.0
458,29304,89874.16
459,29308,134861.0
460,29311,105923.1
461,29313,176591.0
462,29314,176591.0
463,29316,125887.0
464,29345,144112.0
465,29346,126707.19
466,29347,141703.58000000002
467,29349,144112.0
468,29356,158041.0
469,29359,128855.69
470,29361,120260.0
471,29362,143874.19
472,29363,106279.62000000001
473,29364,170885.0
474,29365,139806.62
475,29370,164527.22
476,29371,125887.0
477,31002,126215.0
478,31004,65408.0
479,31005,65408.0
480,31009,93154.12
481,31010,101875.0
482,31013,66021.18
483,31014,87026.0
484,31016,104776.20999999999
485,31017,91762.6
486,31201,97444.0
487,31210,44842.0
488,31213,87026.0
489,31214,95735.0
490,31216,97410.76
491,31218,78748.44
492,31223,96439.62
493,31224,115017.31999999999
494,31225,79832.72
495,31241,73714.0
496,31242,77102.57
497,31246,57774.0
498,31247,66530.97
499,31248,70338.65000000001
500,32100,92450.0
501,32101,88919.0
502,32102,120787.0
503,32103,80847.22
504,32106,79554.0
505,32109,79554.0
506,32111,148245.0
507,32112,148245.0
508,32137,65145.0
509,32142,86256.73000000001
510,32143,77829.0
511,32145,148245.0
512,32146,110109.0
513,32157,120787.0
514,32160,82632.23000000001
515,32171,86974.0
516,32178,66696.82
517,32179,104833.93000000001
518,32180,104671.0
519,32184,120171.62
520,32188,98154.51000000001
521,32190,98097.08
522,32193,87678.66
523,32195,101300.0
524,32196,92602.0
525,32200,103524.82
526,32205,91258.95
527,32208,140083.0
528,32210,148245.0
529,32211,148245.0
530,32212,88672.98999999999
531,32232,111749.15
532,32265,82555.14
533,32266,86078.98999999999
534,32267,113455.01
535,32269,130921.93
536,32270,93989.68
537,32280,78198.0
538,32282,93751.58
539,32287,112375.0
540,32295,78198.0
541,32300,60903.0
542,32302,96484.95
543,32303,100450.0
544,32305,100547.14
545,32306,148245.0
546,32307,77371.62
547,32308,89198.78
548,32309,107991.0
549,32312,103126.06
550,32319,92107.0
551,32320,92107.0
552,32335,68825.22
553,32337,81261.87
554,32338,89146.01999999999
555,32345,128056.0
556,32347,116833.0
557,32349,128489.48
558,32355,116833.0
559,32358,82833.0
560,32362,74162.78
561,32365,112375.0
562,32366,107364.66
563,32367,107656.0
564,32368,104671.0
565,32369,125750.0
566,32370,60194.130000000005
567,32376,100291.67
568,32379,102989.0
569,32388,92107.0
570,32393,88533.29000000001
571,32395,75085.0
572,32397,65401.2
573,32400,120787.0
574,32401,116833.0
575,32402,78198.0
576,32403,78198.0
577,32404,100000.6
578,32408,66238.0
579,32412,124099.02
580,32701,72427.01
581,32702,64641.57000000001
582,33117,130685.0
583,33118,85989.38
584,33122,82794.86
585,33123,84500.0
586,33126,130685.0
587,33128,62596.15
588,33134,130685.0
589,34091,60903.0
590,34092,60903.0
591,34093,60903.0
592,34095,83125.0
593,34097,53869.0
594,34098,60903.0
595,34337,53869.0
596,35125,124009.48999999999
597,35129,107656.0
598,35134,120185.18000000001
599,35140,124750.0
600,36003,36071.0
601,36007,35683.55
602,36008,36071.0
603,36105,123750.0
604,36264,96004.0
605,36265,96652.93
606,36266,101250.0
607,36268,120595.0
608,36279,120087.93
609,36317,123750.0
610,36318,120595.0
611,36320,107656.0
612,36329,123753.21
613,36339,101250.0
614,36340,127889.22
615,36346,88661.0
616,36347,88661.0
617,38082,115230.0
618,38083,117391.0
619,38084,115230.0
620,38301,41109.0
621,38302,100478.32
622,38305,108832.0
623,38310,171316.0
624,38312,80926.0
625,38317,201777.1
626,38375,117391.0
627,38378,115230.0
628,38380,115230.0
629,38701,43857.09
630,38702,188380.03
631,38703,117391.0
632,38704,83781.07
633,39201,60903.0
634,39204,72687.09
635,39206,60674.87
636,39207,79583.0
637,39208,53823.05
638,39217,123929.0
639,39219,33065.0
640,39220,41648.5
641,39221,123929.0
642,39222,53333.0
643,39223,48506.66
644,39233,53185.0
645,39234,53834.53
646,39239,33608.0
647,39243,53869.0
648,39274,83125.0
649,39275,82806.76000000001
650,39317,67150.0
651,39335,33792.38
652,39341,53869.0
653,39344,53333.0
654,39346,106123.83
655,39350,70694.0
656,39361,44842.0
657,39364,65145.0
658,39369,64509.020000000004
659,39373,62114.0
660,39375,104671.0
661,39376,67150.0
662,39378,66748.52
663,41119,161710.62
664,41121,115245.66
665,41122,102315.28
666,41124,105313.29000000001
667,41154,83582.38
668,41155,82384.0
669,41156,82384.0
670,41158,82384.0
671,41161,126058.0
672,41289,128068.0
673,41291,116251.1
674,41292,108725.62999999999
675,41293,128068.0
676,41294,72130.0
677,41298,137793.0
678,41302,115260.0
679,41304,64146.0
680,41305,64146.0
681,41306,82384.0
682,41313,86867.0
683,41375,115260.0
684,41378,114969.45000000001
685,41379,137793.0
686,43132,137538.0
687,44111,165938.0
688,44113,165344.96
689,44116,152745.21000000002
690,44123,86867.0
691,44125,123096.18
692,44126,80931.0
693,44130,161675.97
694,44138,98445.20000000001
695,44140,171384.0
696,44142,123895.70999999999
697,44144,86607.47
698,44145,113004.88
699,44156,137538.0
700,44321,165938.0
701,45102,123633.64
702,45104,101521.49
703,45105,102148.11
704,45109,125202.26
705,45115,84839.0
706,45116,107657.25
707,45117,100362.15
708,45120,118000.0
709,45121,107001.14000000001
710,45123,94472.75
711,45129,108750.0
712,45131,166410.0
713,45239,129227.27
714,45240,130054.0
715,45352,80926.0
716,45353,81043.51000000001
717,45371,87218.0
718,45701,166410.0
719,47201,117019.0
720,47203,117019.0
721,47204,117019.0
722,47247,147699.0
723,47248,147699.0
724,47251,120000.0
725,47252,138075.0
726,47253,138075.0
727,47256,166848.0
728,47258,101831.58
729,47259,105500.0
730,47260,126328.0
731,47262,135882.0
732,47265,134983.33
733,47267,131146.61
734,47268,108911.45999999999
735,47271,110588.0
736,47276,128645.81
737,47278,132946.0
738,47279,115841.0
739,47283,110438.0
740,47284,94283.82999999999
741,47285,69718.0
742,47287,117371.16
743,47288,107643.23999999999
744,47289,97202.0
745,47290,97202.0
746,47293,132016.21
747,47294,140204.18
748,47295,141786.0
749,47301,105201.15
750,47305,139656.72999999998
751,47316,97683.77
752,47332,83575.0
753,47336,91864.31
754,47339,126328.0
755,47344,135632.0
756,47346,135632.0
757,47351,83575.0
758,47352,83575.0
759,47353,83575.0
760,47701,120395.0
761,48141,92188.42
762,48142,86912.22
763,48143,78860.47
764,48147,109218.98000000001
765,48148,122944.95999999999
766,48151,105967.49
767,48152,69435.0
768,48155,150429.0
769,48156,82583.0
770,48157,147133.95
771,48161,84375.0
772,48165,161406.0
773,48166,82583.0
774,48167,141387.12000000002
775,48169,144991.47
776,48171,161406.0
777,48173,161406.0
778,48175,161406.0
779,48239,89400.95000000001
780,48240,109205.0
781,48241,94474.0
782,48245,82384.0
783,48249,67353.09
784,48250,84332.40000000001
785,48252,126058.0
786,48256,129228.65
787,48257,126058.0
788,48258,126058.0
789,49112,154821.0
790,49114,123196.78
791,49116,154821.0
792,49118,161406.0
793,49122,54816.0
794,49125,102061.2
795,49126,98404.90000000001
796,49129,63802.66
797,49131,80228.78
798,49134,126058.0
799,49333,54816.0
800,49335,106928.99
801,49338,67551.03
802,49341,83575.0
803,49346,54816.0
804,49348,92992.0
805,49349,92992.0
806,49355,128068.0
807,49357,125959.23999999999
808,50070,208377.31
809,50076,210300.0
810,50077,194467.86
811,50085,109712.0
812,50086,109712.0
813,50090,200455.0
814,50091,116179.59
815,50092,194542.02000000002
816,50093,147699.0
817,50094,183816.0
818,50096,146005.0
819,50108,147699.0
820,50110,146005.0
821,51064,85273.0
822,51069,93321.0
823,52001,49906.41
824,52002,84385.55
825,52003,91023.0
826,52004,118072.04999999999
827,52009,112833.0
828,52010,72310.0
829,52011,105663.41
830,52016,54726.4
831,52022,86101.0
832,52024,86101.0
833,52025,72310.0
834,52026,72703.0
835,52027,92059.0
836,52029,49551.0
837,52031,93321.0
838,52032,60860.56
839,52033,72703.0
840,52034,111247.18
841,52035,118915.23999999999
842,52037,77463.0
843,52043,79423.0
844,52044,79423.0
845,52045,93569.47
846,52047,124618.0
847,52048,124618.0
848,52049,124618.0
849,52051,106000.0
850,52052,82099.62
851,52053,80551.26999999999
852,52057,61694.0
853,52059,64942.0
854,52131,100611.0
855,52167,97708.0
856,52180,88213.37
857,52184,112050.07
858,52186,93321.0
859,52194,64942.0
860,52197,59587.95
861,52200,104933.76
862,52202,64942.0
863,52210,57110.93
864,52211,61694.0
865,52212,49180.18
866,52213,73550.68000000001
867,52224,100611.0
868,52231,92059.0
869,52233,57420.0
870,52234,57420.0
871,52235,92059.0
872,52237,61694.0
873,52701,57420.0
874,52702,108804.08
875,52703,76042.9
876,53055,124618.0
877,53056,124618.0
878,53059,135115.75
879,53062,147014.75
880,53064,102532.06
881,53065,148000.0
882,53066,90786.0
883,53068,150972.0
884,53069,116375.14
885,53071,136397.0
886,53073,121055.28
887,53074,121163.42
888,53075,177067.0
889,53080,105804.08
890,53081,90786.0
891,53082,106143.0
892,53083,105576.0
893,53084,137580.53999999998
894,53085,133780.29
895,53090,105576.0
896,53091,167850.99
897,53097,112813.0
898,53098,112813.0
899,53100,122899.0
900,53142,227084.39
901,53143,250001.0
902,53145,209427.18
903,53146,250001.0
904,53148,153143.0
905,53153,136397.0
906,53154,113050.28
907,53155,148000.0
908,53158,153143.0
909,53159,250001.0
910,53160,250001.0
911,53162,136397.0
912,53164,118325.0
913,53170,148000.0
914,53305,118413.74
915,53308,123542.56
916,53346,85273.0
917,53347,124618.0
918,53348,135301.24
919,53349,148000.0
920,53350,152466.0
921,53353,148065.96000000002
922,53363,148000.0
923,53366,94483.0
924,53373,85273.0
925,53375,124618.0
926,53376,118325.0
927,53380,135742.28
928,53381,115639.0
929,53389,99897.52
930,53393,105606.81999999999
931,53404,146953.0
932,53701,136397.0
933,53702,92059.0
934,53703,98413.90000000001
935,53704,153043.96
936,53705,90786.0
937,54101,66178.0
938,54102,116587.0
939,54107,81170.27
940,54108,66178.0
941,54111,128301.25
942,54112,126944.57
943,54114,147699.0
944,54120,147699.0
945,54121,120000.0
946,54122,135248.3
947,54123,147699.0
948,54141,145887.69999999998
949,54142,144968.14
950,54144,168050.89
951,54161,166848.0
952,54180,74363.81
953,54181,83125.0
954,54183,197678.27
955,54184,200455.0
956,54185,83125.0
957,54701,130000.0
958,54702,120103.0
959,56065,124235.61
960,56066,91809.0
961,56069,87259.11
962,56070,91209.0
963,56071,87493.14
964,56072,121315.31
965,56073,91674.66
966,56078,79770.0
967,56079,147593.0
968,56081,96883.0
969,56090,122538.0
970,56093,96883.0
971,56094,96883.0
972,56095,112969.0
973,56096,56612.0
974,56101,122538.0
975,56102,73659.2
976,56109,130833.0
977,56277,126786.71
978,56278,129471.69
979,56279,122419.0
980,56282,146005.0
981,56286,146005.0
982,56287,134659.0
983,56288,146005.0
984,56290,85938.0
985,56292,97266.0
986,56293,106959.26999999999
987,56294,97266.0
988,56295,84646.0
989,56296,85938.0
990,56301,66944.0
991,56303,146005.0
992,56308,147593.0
993,56315,66944.0
994,56382,70819.61
995,57002,70644.0
996,57007,93365.0
997,58107,106075.08
998,58108,101823.85
999,58109,113266.0
1000,58111,86867.0
1001,58114,89057.83
1002,58118,113266.0
1003,58121,94284.67
1004,58127,88651.0
1005,58299,121852.0
1006,58314,108884.0
1007,58317,114512.82
1008,58319,114244.04999999999
1009,58324,106314.57
1010,58325,89663.0
1011,58327,92464.0
1012,58330,110387.06
1013,58332,92464.0
1014,58350,120000.0
1015,58354,119685.85
1016,58355,120634.31
1017,58356,80926.0
1018,58357,85464.0
1019,58371,89348.0
1020,58372,138272.0
1021,58373,109974.36
1022,58374,122835.27
1023,58376,85464.0
1024,58378,108884.0
1025,59006,97067.12
1026,59007,85238.59
1027,59009,51734.82000000001
1028,59015,120104.0
1029,59016,125874.69
1030,59018,140251.38
1031,59019,39135.0
1032,59020,103167.0
1033,59021,101370.0
1034,59022,122563.0
1035,59026,110919.0
1036,59027,120104.0
1037,59033,137650.0
1038,59034,105333.0
1039,59036,102106.35
1040,59037,96563.0
1041,59038,119964.64
1042,59039,101863.0
1043,59041,97614.0
1044,59042,97321.0
1045,59043,96563.0
1046,59044,137650.0
1047,59045,119896.0
1048,59047,101636.0
1049,59054,99768.81999999999
1050,59055,94233.0
1051,59057,42101.76
1052,59058,39135.0
1053,59062,95502.0
1054,59072,97614.0
1055,59074,51421.39
1056,59075,100968.85
1057,59079,101636.0
1058,59081,96563.0
1059,59082,123912.76
1060,59088,135148.0
1061,59090,106540.0
1062,59092,101370.0
1063,59097,108272.77
1064,59099,80213.0
1065,59100,126700.97
1066,59101,80901.76000000001
1067,59103,88600.25
1068,59106,96375.59
1069,59108,80213.0
1070,59111,120104.0
1071,59113,39135.0
1072,59118,70771.0
1073,59124,110919.0
1074,59127,117165.0
1075,59129,137538.0
1076,59130,135148.0
1077,59131,95089.0
1078,59132,135148.0
1079,59133,39135.0
1080,59136,137538.0
1081,59137,137538.0
1082,59141,135148.0
1083,59144,130148.47
1084,59146,95502.0
1085,59148,135148.0
1086,59149,95502.0
1087,59150,99323.25
1088,59151,122419.0
1089,59153,85273.0
1090,59158,39135.0
1091,59163,135148.0
1092,59164,135148.0
1093,59168,95502.0
1094,59169,122419.0
1095,59170,80213.0
1096,59172,108832.0
1097,59175,122419.0
1098,59176,91585.0
1099,59205,91585.0
1100,59206,135148.0
1101,59207,66944.0
1102,59208,108832.0
1103,59211,97614.0
1104,59702,95501.7
1105,59703,97614.0
1106,62081,84470.0
1107,63001,109722.0
1108,63002,76906.0
1109,63005,67038.66
1110,63009,86696.0
1111,63018,122188.0
1112,63019,72345.47
1113,63027,109779.52
1114,63028,90574.55
1115,63032,55662.21
1116,63034,64445.0
1117,63036,68926.53
1118,63038,77488.97
1119,63039,78777.0
1120,63041,97589.0
1121,63043,64610.0
1122,63046,64610.0
1123,63049,64610.0
1124,63051,84769.0
1125,63052,151731.0
1126,63053,84769.0
1127,63055,68769.0
1128,63056,82639.12000000001
1129,63068,84470.0
1130,63069,79135.0
1131,63071,92841.81
1132,63079,154375.0
1133,63088,140021.61
1134,63097,109500.0
1135,63202,97589.0
1136,63204,97589.0
1137,63206,121477.0
1138,63207,121477.0
1139,63208,121477.0
1140,63210,138307.62
1141,63211,121477.0
1142,63212,121477.0
1143,63213,121477.0
1144,63214,121477.0
1145,63216,122148.78
1146,63219,122188.0
1147,63220,91574.0
1148,63222,79135.0
1149,63223,154375.0
1150,63224,154375.0
1151,63226,154375.0
1152,63227,154375.0
1153,63228,121477.0
1154,63231,154375.0
1155,63236,121667.0
1156,63238,121477.0
1157,63262,111884.58
1158,63347,154375.0
1159,63352,130088.69
1160,63358,97589.0
1161,63361,118250.0
1162,63362,118250.0
1163,63369,68769.0
1164,63372,76906.0
1165,63373,64610.0
1166,63374,55353.43
1167,63375,76893.7
1168,63377,130438.0
1169,63383,130438.0
1170,63390,123786.0
1171,63701,144597.48
1172,63705,139438.55
1173,63706,121477.0
1174,63707,88946.98999999999
1175,63708,74877.51999999999
1176,63710,76850.04000000001
1177,63711,72388.57
1178,63712,70781.0
1179,63713,122398.51000000001
1180,63715,92366.82
1181,65055,154375.0
1182,65081,122215.20000000001
1183,65087,82165.14
1184,65091,79135.0
1185,67113,170754.0
1186,67114,168569.11000000002
1187,67115,156146.0
1188,67116,169706.0
1189,67117,141981.66999999998
1190,67118,165673.34
1191,67120,156146.0
1192,67121,169706.0
1193,68043,57135.0
1194,68044,57135.0
1195,68050,49205.0
1196,68052,40922.840000000004
1197,68053,67262.0
1198,68057,71127.53
1199,68058,66389.0
1200,68059,57489.0
1201,68061,59349.08
1202,68070,79922.52
1203,68073,83105.26000000001
1204,68074,70141.0
1205,68076,70141.0
1206,68077,53288.0
1207,68078,69911.0
1208,68083,56278.479999999996
1209,68086,41119.61
1210,68091,70893.81
1211,68094,46071.0
1212,68098,56062.33
1213,68099,35652.8
1214,68100,58884.43
1215,68103,56128.43
1216,68106,58438.89
1217,68107,72826.0
1218,68115,66597.0
1219,68119,58261.0
1220,68123,64643.0
1221,68128,84376.95
1222,68130,88068.0
1223,68131,86765.0
1224,68133,86765.0
1225,68135,74112.96
1226,68138,74896.0
1227,68156,64443.88
1228,68158,70815.95
1229,68162,57841.0
1230,68166,46347.87
1231,68167,64610.0
1232,68177,75087.76
1233,68179,73587.0
1234,68180,61119.0
1235,68181,61074.92
1236,68183,78077.0
1237,68185,54206.05
1238,68188,59745.66
1239,68194,52782.25
1240,68195,60475.0
1241,68196,60475.0
1242,68197,74063.0
1243,68273,95764.0
1244,68279,67262.0
1245,68283,77687.01
1246,68296,38616.05
1247,68297,54302.0
1248,68302,50102.0
1249,68305,42204.0
1250,68306,41179.66
1251,68311,93365.0
1252,68315,90828.12
1253,68316,84516.55
1254,68318,84231.2
1255,68319,76055.4
1256,68324,74035.41
1257,68330,62457.0
1258,68334,71522.32999999999
1259,68335,80213.0
1260,68336,75259.51999999999
1261,68339,62083.0
1262,68350,64698.0
1263,68364,72695.0
1264,68365,78809.48999999999
1265,68367,74629.0
1266,68369,90413.63
1267,68371,83563.79999999999
1268,68701,89695.59
1269,68702,102843.40999999999
1270,69106,147220.94
1271,69110,130774.55
1272,69111,138289.0
1273,69122,170754.0
1274,69123,161406.0
1275,69701,138352.04000000004
1276,70087,103056.0
1277,70089,103056.0
1278,70112,122419.0
1279,70117,122419.0
1280,70118,125887.0
1281,71120,70757.64
1282,71121,45690.0
1283,71231,71707.0
1284,71232,66875.0
1285,71239,70962.36
1286,71240,74501.76
1287,71245,108929.0
1288,71253,157614.0
1289,71256,119802.0
1290,71258,85907.0
1291,71262,104571.52
1292,71263,181985.0
1293,71264,128691.29999999999
1294,71266,158825.22999999998
1295,71269,103681.0
1296,71270,85907.0
1297,71283,48532.98
1298,71284,78370.54999999999
1299,71285,50684.11
1300,71347,80213.0
1301,71350,66887.12
1302,71361,93365.0
1303,71362,93365.0
1304,71364,80213.0
1305,71368,80213.0
1306,71370,108929.0
1307,71380,85907.0
1308,71381,80213.0
1309,71701,79971.99
1310,72091,162105.81
1311,72093,151731.0
1312,72096,160329.19
1313,72098,91585.0
1314,72120,109500.0
1315,72121,109500.0
1316,72122,109500.0
1317,72254,151427.97999999998
1318,72255,103630.97
1319,72256,129339.13
1320,72269,103256.79000000001
1321,72272,118181.25
1322,72312,118250.0
1323,72314,137605.46
1324,72318,107054.0
1325,72321,90543.0
1326,72701,140044.97999999998
1327,72702,135751.56999999998
1328,75110,129491.75
1329,75116,149332.28000000003
1330,75117,122188.0
1331,75122,122188.0
1332,75701,122188.0
1333,75702,164267.64
